

use sql_cook_book;

DROP TABLE if exists emp;

CREATE TABLE `emp` (
  `EMPNO` int DEFAULT NULL,
  `ENAME` text,
  `JOB` text,
  `MGR` int DEFAULT NULL,
  `HIREDATE` date,
  `SAL` int DEFAULT NULL,
  `COMM` int DEFAULT NULL,
  `DEPTNO` int DEFAULT NULL
) ;


INSERT INTO emp(`EMPNO`,`ENAME`,`JOB`,`MGR`,`HIREDATE`,`SAL`,`COMM`,`DEPTNO`) VALUES(7369,"SMITH","CLERK",7902,STR_TO_DATE("12-17-80","%m-%d-%y"),800,NULL,20);
INSERT INTO emp(`EMPNO`,`ENAME`,`JOB`,`MGR`,`HIREDATE`,`SAL`,`COMM`,`DEPTNO`) VALUES(7499,"ALLEN","SALESMAN",7698,STR_TO_DATE("02-20-81","%m-%d-%y"),1600,300,30);
INSERT INTO emp(`EMPNO`,`ENAME`,`JOB`,`MGR`,`HIREDATE`,`SAL`,`COMM`,`DEPTNO`) VALUES(7521,"WARD","SALESMAN",7698,STR_TO_DATE("02-20-81","%m-%d-%y"),1250,500,30);
INSERT INTO emp(`EMPNO`,`ENAME`,`JOB`,`MGR`,`HIREDATE`,`SAL`,`COMM`,`DEPTNO`) VALUES(7566,"JONES","MANAGER",7839,STR_TO_DATE("04-02-81","%m-%d-%y"),2975,NULL,20);
INSERT INTO emp(`EMPNO`,`ENAME`,`JOB`,`MGR`,`HIREDATE`,`SAL`,`COMM`,`DEPTNO`) VALUES(7654,"MARTIN","SALESMAN",7698,STR_TO_DATE("09-28-81","%m-%d-%y"),1250 ,1400,30);
INSERT INTO emp(`EMPNO`,`ENAME`,`JOB`,`MGR`,`HIREDATE`,`SAL`,`COMM`,`DEPTNO`) VALUES(7698,"BLAKE","MANAGER",7839,STR_TO_DATE("05-01-81","%m-%d-%y"),2850,NULL,30);
INSERT INTO emp(`EMPNO`,`ENAME`,`JOB`,`MGR`,`HIREDATE`,`SAL`,`COMM`,`DEPTNO`) VALUES(7782,"CLARK","MANAGER",7839,STR_TO_DATE("06-09-81","%m-%d-%y"),2450,NULL,10);
INSERT INTO emp(`EMPNO`,`ENAME`,`JOB`,`MGR`,`HIREDATE`,`SAL`,`COMM`,`DEPTNO`) VALUES(7788,"SCOTT","ANALYST",7566,STR_TO_DATE("12-09-82","%m-%d-%y"),3000,NULL,20);
INSERT INTO emp(`EMPNO`,`ENAME`,`JOB`,`MGR`,`HIREDATE`,`SAL`,`COMM`,`DEPTNO`) VALUES(7839,"KING","PRESIDENT",NULL,STR_TO_DATE("11-17-81","%m-%d-%y"),5000,NULL,10);
INSERT INTO emp(`EMPNO`,`ENAME`,`JOB`,`MGR`,`HIREDATE`,`SAL`,`COMM`,`DEPTNO`) VALUES(7844,"TURNER","SALESMAN",7698,STR_TO_DATE("09-08-81","%m-%d-%y"),1500,0,30);
INSERT INTO emp(`EMPNO`,`ENAME`,`JOB`,`MGR`,`HIREDATE`,`SAL`,`COMM`,`DEPTNO`) VALUES(7876,"ADAMS","CLERK",7788,STR_TO_DATE("01-12-83","%m-%d-%y"),1100,NULL,20);
INSERT INTO emp(`EMPNO`,`ENAME`,`JOB`,`MGR`,`HIREDATE`,`SAL`,`COMM`,`DEPTNO`) VALUES(7900,"JAMES","CLERK",7698,STR_TO_DATE("12-03-81","%m-%d-%y"),950,NULL,30);
INSERT INTO emp(`EMPNO`,`ENAME`,`JOB`,`MGR`,`HIREDATE`,`SAL`,`COMM`,`DEPTNO`) VALUES(7902,"FORD","ANALYST",7566,STR_TO_DATE("12-03-81","%m-%d-%y"),3000,NULL,20);
INSERT INTO emp(`EMPNO`,`ENAME`,`JOB`,`MGR`,`HIREDATE`,`SAL`,`COMM`,`DEPTNO`) VALUES(7934,"MILLER","CLERK",7782,STR_TO_DATE("01-23-82","%m-%d-%y"),1300,NULL,10);



DROP TABLE if exists dept;

CREATE TABLE `dept` (
  `DEPTNO` int DEFAULT NULL,
  `DNAME` text,
  `LOC` text
  
) ;

INSERT INTO dept(`DEPTNO`,`DNAME`,`LOC`) VALUES(10,"ACCOUNTING","NEW YORK");
INSERT INTO dept(`DEPTNO`,`DNAME`,`LOC`) VALUES(20,"RESEARCH","DALLAS");
INSERT INTO dept(`DEPTNO`,`DNAME`,`LOC`) VALUES(30,"SALES","CHICAGO");
INSERT INTO dept(`DEPTNO`,`DNAME`,`LOC`) VALUES(40,"OPERATIONS","BOSTON");




DROP TABLE if exists emp_bonus;

CREATE table `emp_bonus` (
`empno` int,
`RECEIVED` date,
`TYPE` int

);

Insert into emp_bonus(`empno`,`RECEIVED`,`TYPE`)  values(7369,STR_TO_DATE('14-MAR-2005', '%d-%b-%Y'),1);
Insert into emp_bonus(`empno`,`RECEIVED`,`TYPE`)  values(7900,STR_TO_DATE('14-MAR-2005', '%d-%b-%Y'),2);
Insert into emp_bonus(`empno`,`RECEIVED`,`TYPE`)  values(7788,STR_TO_DATE('14-MAR-2005', '%d-%b-%Y'),3);


select * from sql_cook_book.emp;
select * from sql_cook_book.dept;
select * from sql_cook_book.emp_bonus;
